START DATE,START TIME,START TIME ET,SUBJECT,LOCATION,DESCRIPTION,END DATE,END DATE ET,END TIME,END TIME ET,REMINDER OFF,REMINDER ON,REMINDER DATE,REMINDER TIME,REMINDER TIME ET,SHOWTIMEAS FREE,SHOWTIMEAS BUSY
02/23/18,01:07 PM,01:07 PM,Phillies at Blue Jays,Florida Auto Exchange Stadium - Dunedin,"Local TV: SN",02/23/18,02/23/18,04:07 PM,04:07 PM,FALSE,TRUE,02/23/18,12:07 PM,12:07 PM,FREE,BUSY
02/24/18,01:05 PM,01:05 PM,Blue Jays at Tigers,Publix Field at Joker Marchant Stadium - Lakeland,"Local Radio: SN590",02/24/18,02/24/18,04:05 PM,04:05 PM,FALSE,TRUE,02/24/18,12:05 PM,12:05 PM,FREE,BUSY
02/25/18,01:07 PM,01:07 PM,Tigers at Blue Jays,Florida Auto Exchange Stadium - Dunedin,"Local TV: SN ----- Local Radio: SN590",02/25/18,02/25/18,04:07 PM,04:07 PM,FALSE,TRUE,02/25/18,12:07 PM,12:07 PM,FREE,BUSY
02/26/18,01:05 PM,01:05 PM,Blue Jays at Rays,Charlotte Sports Park - Port Charlotte,"",02/26/18,02/26/18,04:05 PM,04:05 PM,FALSE,TRUE,02/26/18,12:05 PM,12:05 PM,FREE,BUSY
02/27/18,01:07 PM,01:07 PM,Yankees at Blue Jays,Florida Auto Exchange Stadium - Dunedin,"",02/27/18,02/27/18,04:07 PM,04:07 PM,FALSE,TRUE,02/27/18,12:07 PM,12:07 PM,FREE,BUSY
02/28/18,01:07 PM,01:07 PM,Phillies at Blue Jays,Florida Auto Exchange Stadium - Dunedin,"",02/28/18,02/28/18,04:07 PM,04:07 PM,FALSE,TRUE,02/28/18,12:07 PM,12:07 PM,FREE,BUSY
03/01/18,01:05 PM,01:05 PM,Blue Jays at Pirates,LECOM Park - Bradenton,"",03/01/18,03/01/18,04:05 PM,04:05 PM,FALSE,TRUE,03/01/18,12:05 PM,12:05 PM,FREE,BUSY
03/02/18,01:05 PM,01:05 PM,Blue Jays at Twins,CenturyLink Sports Complex - Fort Myers,"",03/02/18,03/02/18,04:05 PM,04:05 PM,FALSE,TRUE,03/02/18,12:05 PM,12:05 PM,FREE,BUSY
03/03/18,01:07 PM,01:07 PM,Twins at Blue Jays,Florida Auto Exchange Stadium - Dunedin,"Local Radio: SN590",03/03/18,03/03/18,04:07 PM,04:07 PM,FALSE,TRUE,03/03/18,12:07 PM,12:07 PM,FREE,BUSY
03/04/18,01:05 PM,01:05 PM,Blue Jays at Phillies,Spectrum Field - Clearwater,"Local Radio: SN590",03/04/18,03/04/18,04:05 PM,04:05 PM,FALSE,TRUE,03/04/18,12:05 PM,12:05 PM,FREE,BUSY
03/06/18,01:07 PM,01:07 PM,Braves at Blue Jays,Florida Auto Exchange Stadium - Dunedin,"Local Radio: SN590",03/06/18,03/06/18,04:07 PM,04:07 PM,FALSE,TRUE,03/06/18,12:07 PM,12:07 PM,FREE,BUSY
03/07/18,01:07 PM,01:07 PM,Pirates at Blue Jays,Florida Auto Exchange Stadium - Dunedin,"Local Radio: SN590",03/07/18,03/07/18,04:07 PM,04:07 PM,FALSE,TRUE,03/07/18,12:07 PM,12:07 PM,FREE,BUSY
03/07/18,01:05 PM,01:05 PM,Blue Jays at Tigers,Publix Field at Joker Marchant Stadium - Lakeland,"Local Radio: SN590",03/07/18,03/07/18,04:05 PM,04:05 PM,FALSE,TRUE,03/07/18,12:05 PM,12:05 PM,FREE,BUSY
03/08/18,01:05 PM,01:05 PM,Blue Jays at Orioles,Ed Smith Stadium - Sarasota,"Local Radio: SN590",03/08/18,03/08/18,04:05 PM,04:05 PM,FALSE,TRUE,03/08/18,12:05 PM,12:05 PM,FREE,BUSY
03/09/18,01:07 PM,01:07 PM,Orioles at Blue Jays,Florida Auto Exchange Stadium - Dunedin,"Local Radio: SN590",03/09/18,03/09/18,04:07 PM,04:07 PM,FALSE,TRUE,03/09/18,12:07 PM,12:07 PM,FREE,BUSY
03/10/18,01:07 PM,01:07 PM,Tigers at Blue Jays,Florida Auto Exchange Stadium - Dunedin,"Local TV: SN ----- Local Radio: SN590",03/10/18,03/10/18,04:07 PM,04:07 PM,FALSE,TRUE,03/10/18,12:07 PM,12:07 PM,FREE,BUSY
03/11/18,01:07 PM,01:07 PM,Pirates at Blue Jays,Florida Auto Exchange Stadium - Dunedin,"Local TV: MLBN ----- Local Radio: SN590",03/11/18,03/11/18,04:07 PM,04:07 PM,FALSE,TRUE,03/11/18,12:07 PM,12:07 PM,FREE,BUSY
03/12/18,01:07 PM,01:07 PM,Red Sox at Blue Jays,Florida Auto Exchange Stadium - Dunedin,"",03/12/18,03/12/18,04:07 PM,04:07 PM,FALSE,TRUE,03/12/18,12:07 PM,12:07 PM,FREE,BUSY
03/13/18,01:05 PM,01:05 PM,Blue Jays at Braves,Champion Stadium - Lake Buena Vista,"",03/13/18,03/13/18,04:05 PM,04:05 PM,FALSE,TRUE,03/13/18,12:05 PM,12:05 PM,FREE,BUSY
03/15/18,01:05 PM,01:05 PM,Blue Jays at Red Sox,JetBlue Park - Ft. Myers,"",03/15/18,03/15/18,04:05 PM,04:05 PM,FALSE,TRUE,03/15/18,12:05 PM,12:05 PM,FREE,BUSY
03/16/18,01:05 PM,01:05 PM,Blue Jays at Phillies,Spectrum Field - Clearwater,"",03/16/18,03/16/18,04:05 PM,04:05 PM,FALSE,TRUE,03/16/18,12:05 PM,12:05 PM,FREE,BUSY
03/17/18,01:07 PM,01:07 PM,Canada Jr. Team at Blue Jays,Florida Auto Exchange Stadium - Dunedin,"Local TV: SN ----- Local Radio: SN590",03/17/18,03/17/18,04:07 PM,04:07 PM,FALSE,TRUE,03/17/18,12:07 PM,12:07 PM,FREE,BUSY
03/17/18,01:05 PM,01:05 PM,Blue Jays at Orioles,Ed Smith Stadium - Sarasota,"",03/17/18,03/17/18,04:05 PM,04:05 PM,FALSE,TRUE,03/17/18,12:05 PM,12:05 PM,FREE,BUSY
03/18/18,01:07 PM,01:07 PM,Pirates at Blue Jays,Florida Auto Exchange Stadium - Dunedin,"",03/18/18,03/18/18,04:07 PM,04:07 PM,FALSE,TRUE,03/18/18,12:07 PM,12:07 PM,FREE,BUSY
03/19/18,01:05 PM,01:05 PM,Blue Jays at Braves,Champion Stadium - Lake Buena Vista,"",03/19/18,03/19/18,04:05 PM,04:05 PM,FALSE,TRUE,03/19/18,12:05 PM,12:05 PM,FREE,BUSY
03/20/18,01:05 PM,01:05 PM,Blue Jays at Phillies,Spectrum Field - Clearwater,"Local TV: MLBN",03/20/18,03/20/18,04:05 PM,04:05 PM,FALSE,TRUE,03/20/18,12:05 PM,12:05 PM,FREE,BUSY
03/21/18,01:07 PM,01:07 PM,Phillies at Blue Jays,Florida Auto Exchange Stadium - Dunedin,"",03/21/18,03/21/18,04:07 PM,04:07 PM,FALSE,TRUE,03/21/18,12:07 PM,12:07 PM,FREE,BUSY
03/22/18,01:07 PM,01:07 PM,Rays at Blue Jays,Florida Auto Exchange Stadium - Dunedin,"",03/22/18,03/22/18,04:07 PM,04:07 PM,FALSE,TRUE,03/22/18,12:07 PM,12:07 PM,FREE,BUSY
03/22/18,06:05 PM,06:05 PM,Blue Jays at Pirates,LECOM Park - Bradenton,"",03/22/18,03/22/18,09:05 PM,09:05 PM,FALSE,TRUE,03/22/18,05:05 PM,05:05 PM,FREE,BUSY
03/23/18,01:05 PM,01:05 PM,Blue Jays at Rays,Charlotte Sports Park - Port Charlotte,"",03/23/18,03/23/18,04:05 PM,04:05 PM,FALSE,TRUE,03/23/18,12:05 PM,12:05 PM,FREE,BUSY
03/24/18,01:05 PM,01:05 PM,Blue Jays at Yankees,George M. Steinbrenner Field - Tampa,"Local Radio: SN590",03/24/18,03/24/18,04:05 PM,04:05 PM,FALSE,TRUE,03/24/18,12:05 PM,12:05 PM,FREE,BUSY
03/25/18,01:07 PM,01:07 PM,Pirates at Blue Jays,Florida Auto Exchange Stadium - Dunedin,"Local Radio: SN590",03/25/18,03/25/18,04:07 PM,04:07 PM,FALSE,TRUE,03/25/18,12:07 PM,12:07 PM,FREE,BUSY
03/26/18,07:07 PM,07:07 PM,Cardinals at Blue Jays,Olympic Stadium - Montreal,"Local TV: SN ----- Local Radio: SN590",03/26/18,03/26/18,10:07 PM,10:07 PM,FALSE,TRUE,03/26/18,06:07 PM,06:07 PM,FREE,BUSY
03/27/18,07:07 PM,07:07 PM,Cardinals at Blue Jays,Olympic Stadium - Montreal,"Local TV: SN- MLBN ----- Local Radio: SN590",03/27/18,03/27/18,10:07 PM,10:07 PM,FALSE,TRUE,03/27/18,06:07 PM,06:07 PM,FREE,BUSY
03/29/18,03:37 PM,03:37 PM,Yankees at Blue Jays,Rogers Centre - Toronto,"",03/29/18,03/29/18,06:37 PM,06:37 PM,FALSE,TRUE,03/29/18,02:37 PM,02:37 PM,FREE,BUSY
03/30/18,07:07 PM,07:07 PM,Yankees at Blue Jays,Rogers Centre - Toronto,"",03/30/18,03/30/18,10:07 PM,10:07 PM,FALSE,TRUE,03/30/18,06:07 PM,06:07 PM,FREE,BUSY
03/31/18,04:07 PM,04:07 PM,Yankees at Blue Jays,Rogers Centre - Toronto,"",03/31/18,03/31/18,07:07 PM,07:07 PM,FALSE,TRUE,03/31/18,03:07 PM,03:07 PM,FREE,BUSY
04/01/18,01:07 PM,01:07 PM,Yankees at Blue Jays,Rogers Centre - Toronto,"",04/01/18,04/01/18,04:07 PM,04:07 PM,FALSE,TRUE,04/01/18,12:07 PM,12:07 PM,FREE,BUSY
04/02/18,07:07 PM,07:07 PM,White Sox at Blue Jays,Rogers Centre - Toronto,"",04/02/18,04/02/18,10:07 PM,10:07 PM,FALSE,TRUE,04/02/18,06:07 PM,06:07 PM,FREE,BUSY
04/03/18,07:07 PM,07:07 PM,White Sox at Blue Jays,Rogers Centre - Toronto,"",04/03/18,04/03/18,10:07 PM,10:07 PM,FALSE,TRUE,04/03/18,06:07 PM,06:07 PM,FREE,BUSY
04/04/18,07:07 PM,07:07 PM,White Sox at Blue Jays,Rogers Centre - Toronto,"",04/04/18,04/04/18,10:07 PM,10:07 PM,FALSE,TRUE,04/04/18,06:07 PM,06:07 PM,FREE,BUSY
04/06/18,08:05 PM,08:05 PM,Blue Jays at Rangers,Globe Life Park in Arlington - Arlington,"",04/06/18,04/06/18,11:05 PM,11:05 PM,FALSE,TRUE,04/06/18,07:05 PM,07:05 PM,FREE,BUSY
04/07/18,08:05 PM,08:05 PM,Blue Jays at Rangers,Globe Life Park in Arlington - Arlington,"",04/07/18,04/07/18,11:05 PM,11:05 PM,FALSE,TRUE,04/07/18,07:05 PM,07:05 PM,FREE,BUSY
04/08/18,03:05 PM,03:05 PM,Blue Jays at Rangers,Globe Life Park in Arlington - Arlington,"",04/08/18,04/08/18,06:05 PM,06:05 PM,FALSE,TRUE,04/08/18,02:05 PM,02:05 PM,FREE,BUSY
04/09/18,07:05 PM,07:05 PM,Blue Jays at Orioles,Oriole Park at Camden Yards - Baltimore,"",04/09/18,04/09/18,10:05 PM,10:05 PM,FALSE,TRUE,04/09/18,06:05 PM,06:05 PM,FREE,BUSY
04/10/18,07:05 PM,07:05 PM,Blue Jays at Orioles,Oriole Park at Camden Yards - Baltimore,"",04/10/18,04/10/18,10:05 PM,10:05 PM,FALSE,TRUE,04/10/18,06:05 PM,06:05 PM,FREE,BUSY
04/11/18,07:05 PM,07:05 PM,Blue Jays at Orioles,Oriole Park at Camden Yards - Baltimore,"",04/11/18,04/11/18,10:05 PM,10:05 PM,FALSE,TRUE,04/11/18,06:05 PM,06:05 PM,FREE,BUSY
04/13/18,07:10 PM,07:10 PM,Blue Jays at Indians,Progressive Field - Cleveland,"",04/13/18,04/13/18,10:10 PM,10:10 PM,FALSE,TRUE,04/13/18,06:10 PM,06:10 PM,FREE,BUSY
04/14/18,04:10 PM,04:10 PM,Blue Jays at Indians,Progressive Field - Cleveland,"",04/14/18,04/14/18,07:10 PM,07:10 PM,FALSE,TRUE,04/14/18,03:10 PM,03:10 PM,FREE,BUSY
04/15/18,01:10 PM,01:10 PM,Blue Jays at Indians,Progressive Field - Cleveland,"",04/15/18,04/15/18,04:10 PM,04:10 PM,FALSE,TRUE,04/15/18,12:10 PM,12:10 PM,FREE,BUSY
04/16/18,07:07 PM,07:07 PM,Royals at Blue Jays,Rogers Centre - Toronto,"",04/16/18,04/16/18,10:07 PM,10:07 PM,FALSE,TRUE,04/16/18,06:07 PM,06:07 PM,FREE,BUSY
04/17/18,07:07 PM,07:07 PM,Royals at Blue Jays,Rogers Centre - Toronto,"",04/17/18,04/17/18,10:07 PM,10:07 PM,FALSE,TRUE,04/17/18,06:07 PM,06:07 PM,FREE,BUSY
04/18/18,04:07 PM,04:07 PM,Royals at Blue Jays,Rogers Centre - Toronto,"",04/18/18,04/18/18,07:07 PM,07:07 PM,FALSE,TRUE,04/18/18,03:07 PM,03:07 PM,FREE,BUSY
04/19/18,06:35 PM,06:35 PM,Blue Jays at Yankees,Yankee Stadium - Bronx,"",04/19/18,04/19/18,09:35 PM,09:35 PM,FALSE,TRUE,04/19/18,05:35 PM,05:35 PM,FREE,BUSY
04/20/18,07:05 PM,07:05 PM,Blue Jays at Yankees,Yankee Stadium - Bronx,"",04/20/18,04/20/18,10:05 PM,10:05 PM,FALSE,TRUE,04/20/18,06:05 PM,06:05 PM,FREE,BUSY
04/21/18,01:05 PM,01:05 PM,Blue Jays at Yankees,Yankee Stadium - Bronx,"",04/21/18,04/21/18,04:05 PM,04:05 PM,FALSE,TRUE,04/21/18,12:05 PM,12:05 PM,FREE,BUSY
04/22/18,01:05 PM,01:05 PM,Blue Jays at Yankees,Yankee Stadium - Bronx,"",04/22/18,04/22/18,04:05 PM,04:05 PM,FALSE,TRUE,04/22/18,12:05 PM,12:05 PM,FREE,BUSY
04/24/18,07:07 PM,07:07 PM,Red Sox at Blue Jays,Rogers Centre - Toronto,"",04/24/18,04/24/18,10:07 PM,10:07 PM,FALSE,TRUE,04/24/18,06:07 PM,06:07 PM,FREE,BUSY
04/25/18,07:07 PM,07:07 PM,Red Sox at Blue Jays,Rogers Centre - Toronto,"",04/25/18,04/25/18,10:07 PM,10:07 PM,FALSE,TRUE,04/25/18,06:07 PM,06:07 PM,FREE,BUSY
04/26/18,07:07 PM,07:07 PM,Red Sox at Blue Jays,Rogers Centre - Toronto,"",04/26/18,04/26/18,10:07 PM,10:07 PM,FALSE,TRUE,04/26/18,06:07 PM,06:07 PM,FREE,BUSY
04/27/18,07:07 PM,07:07 PM,Rangers at Blue Jays,Rogers Centre - Toronto,"",04/27/18,04/27/18,10:07 PM,10:07 PM,FALSE,TRUE,04/27/18,06:07 PM,06:07 PM,FREE,BUSY
04/28/18,04:07 PM,04:07 PM,Rangers at Blue Jays,Rogers Centre - Toronto,"",04/28/18,04/28/18,07:07 PM,07:07 PM,FALSE,TRUE,04/28/18,03:07 PM,03:07 PM,FREE,BUSY
04/29/18,01:07 PM,01:07 PM,Rangers at Blue Jays,Rogers Centre - Toronto,"",04/29/18,04/29/18,04:07 PM,04:07 PM,FALSE,TRUE,04/29/18,12:07 PM,12:07 PM,FREE,BUSY
04/30/18,08:10 PM,08:10 PM,Blue Jays at Twins,Target Field - Minneapolis,"",04/30/18,04/30/18,11:10 PM,11:10 PM,FALSE,TRUE,04/30/18,07:10 PM,07:10 PM,FREE,BUSY
05/01/18,08:10 PM,08:10 PM,Blue Jays at Twins,Target Field - Minneapolis,"",05/01/18,05/01/18,11:10 PM,11:10 PM,FALSE,TRUE,05/01/18,07:10 PM,07:10 PM,FREE,BUSY
05/02/18,01:10 PM,01:10 PM,Blue Jays at Twins,Target Field - Minneapolis,"",05/02/18,05/02/18,04:10 PM,04:10 PM,FALSE,TRUE,05/02/18,12:10 PM,12:10 PM,FREE,BUSY
05/04/18,07:10 PM,07:10 PM,Blue Jays at Rays,Tropicana Field - St. Petersburg,"",05/04/18,05/04/18,10:10 PM,10:10 PM,FALSE,TRUE,05/04/18,06:10 PM,06:10 PM,FREE,BUSY
05/05/18,06:10 PM,06:10 PM,Blue Jays at Rays,Tropicana Field - St. Petersburg,"",05/05/18,05/05/18,09:10 PM,09:10 PM,FALSE,TRUE,05/05/18,05:10 PM,05:10 PM,FREE,BUSY
05/06/18,01:10 PM,01:10 PM,Blue Jays at Rays,Tropicana Field - St. Petersburg,"",05/06/18,05/06/18,04:10 PM,04:10 PM,FALSE,TRUE,05/06/18,12:10 PM,12:10 PM,FREE,BUSY
05/08/18,07:07 PM,07:07 PM,Mariners at Blue Jays,Rogers Centre - Toronto,"",05/08/18,05/08/18,10:07 PM,10:07 PM,FALSE,TRUE,05/08/18,06:07 PM,06:07 PM,FREE,BUSY
05/09/18,07:07 PM,07:07 PM,Mariners at Blue Jays,Rogers Centre - Toronto,"",05/09/18,05/09/18,10:07 PM,10:07 PM,FALSE,TRUE,05/09/18,06:07 PM,06:07 PM,FREE,BUSY
05/10/18,07:07 PM,07:07 PM,Mariners at Blue Jays,Rogers Centre - Toronto,"",05/10/18,05/10/18,10:07 PM,10:07 PM,FALSE,TRUE,05/10/18,06:07 PM,06:07 PM,FREE,BUSY
05/11/18,07:07 PM,07:07 PM,Red Sox at Blue Jays,Rogers Centre - Toronto,"",05/11/18,05/11/18,10:07 PM,10:07 PM,FALSE,TRUE,05/11/18,06:07 PM,06:07 PM,FREE,BUSY
05/12/18,04:07 PM,04:07 PM,Red Sox at Blue Jays,Rogers Centre - Toronto,"",05/12/18,05/12/18,07:07 PM,07:07 PM,FALSE,TRUE,05/12/18,03:07 PM,03:07 PM,FREE,BUSY
05/13/18,01:07 PM,01:07 PM,Red Sox at Blue Jays,Rogers Centre - Toronto,"",05/13/18,05/13/18,04:07 PM,04:07 PM,FALSE,TRUE,05/13/18,12:07 PM,12:07 PM,FREE,BUSY
05/15/18,07:10 PM,07:10 PM,Blue Jays at Mets,Citi Field - Flushing,"",05/15/18,05/15/18,10:10 PM,10:10 PM,FALSE,TRUE,05/15/18,06:10 PM,06:10 PM,FREE,BUSY
05/16/18,01:10 PM,01:10 PM,Blue Jays at Mets,Citi Field - Flushing,"",05/16/18,05/16/18,04:10 PM,04:10 PM,FALSE,TRUE,05/16/18,12:10 PM,12:10 PM,FREE,BUSY
05/17/18,07:07 PM,07:07 PM,Athletics at Blue Jays,Rogers Centre - Toronto,"Local TV: MLBN",05/17/18,05/17/18,10:07 PM,10:07 PM,FALSE,TRUE,05/17/18,06:07 PM,06:07 PM,FREE,BUSY
05/18/18,07:07 PM,07:07 PM,Athletics at Blue Jays,Rogers Centre - Toronto,"",05/18/18,05/18/18,10:07 PM,10:07 PM,FALSE,TRUE,05/18/18,06:07 PM,06:07 PM,FREE,BUSY
05/19/18,01:07 PM,01:07 PM,Athletics at Blue Jays,Rogers Centre - Toronto,"Local TV: FS1",05/19/18,05/19/18,04:07 PM,04:07 PM,FALSE,TRUE,05/19/18,12:07 PM,12:07 PM,FREE,BUSY
05/20/18,01:07 PM,01:07 PM,Athletics at Blue Jays,Rogers Centre - Toronto,"",05/20/18,05/20/18,04:07 PM,04:07 PM,FALSE,TRUE,05/20/18,12:07 PM,12:07 PM,FREE,BUSY
05/22/18,07:07 PM,07:07 PM,Angels at Blue Jays,Rogers Centre - Toronto,"",05/22/18,05/22/18,10:07 PM,10:07 PM,FALSE,TRUE,05/22/18,06:07 PM,06:07 PM,FREE,BUSY
05/23/18,07:07 PM,07:07 PM,Angels at Blue Jays,Rogers Centre - Toronto,"",05/23/18,05/23/18,10:07 PM,10:07 PM,FALSE,TRUE,05/23/18,06:07 PM,06:07 PM,FREE,BUSY
05/24/18,12:37 PM,12:37 PM,Angels at Blue Jays,Rogers Centre - Toronto,"",05/24/18,05/24/18,03:37 PM,03:37 PM,FALSE,TRUE,05/24/18,11:37 AM,11:37 AM,FREE,BUSY
05/25/18,07:05 PM,07:05 PM,Blue Jays at Phillies,Citizens Bank Park - Philadelphia,"",05/25/18,05/25/18,10:05 PM,10:05 PM,FALSE,TRUE,05/25/18,06:05 PM,06:05 PM,FREE,BUSY
05/26/18,04:05 PM,04:05 PM,Blue Jays at Phillies,Citizens Bank Park - Philadelphia,"",05/26/18,05/26/18,07:05 PM,07:05 PM,FALSE,TRUE,05/26/18,03:05 PM,03:05 PM,FREE,BUSY
05/27/18,01:35 PM,01:35 PM,Blue Jays at Phillies,Citizens Bank Park - Philadelphia,"",05/27/18,05/27/18,04:35 PM,04:35 PM,FALSE,TRUE,05/27/18,12:35 PM,12:35 PM,FREE,BUSY
05/28/18,01:05 PM,01:05 PM,Blue Jays at Red Sox,Fenway Park - Boston,"",05/28/18,05/28/18,04:05 PM,04:05 PM,FALSE,TRUE,05/28/18,12:05 PM,12:05 PM,FREE,BUSY
05/29/18,07:10 PM,07:10 PM,Blue Jays at Red Sox,Fenway Park - Boston,"",05/29/18,05/29/18,10:10 PM,10:10 PM,FALSE,TRUE,05/29/18,06:10 PM,06:10 PM,FREE,BUSY
05/30/18,01:05 PM,01:05 PM,Blue Jays at Red Sox,Fenway Park - Boston,"",05/30/18,05/30/18,04:05 PM,04:05 PM,FALSE,TRUE,05/30/18,12:05 PM,12:05 PM,FREE,BUSY
06/01/18,07:10 PM,07:10 PM,Blue Jays at Tigers,Comerica Park - Detroit,"",06/01/18,06/01/18,10:10 PM,10:10 PM,FALSE,TRUE,06/01/18,06:10 PM,06:10 PM,FREE,BUSY
06/02/18,04:10 PM,04:10 PM,Blue Jays at Tigers,Comerica Park - Detroit,"",06/02/18,06/02/18,07:10 PM,07:10 PM,FALSE,TRUE,06/02/18,03:10 PM,03:10 PM,FREE,BUSY
06/03/18,01:10 PM,01:10 PM,Blue Jays at Tigers,Comerica Park - Detroit,"",06/03/18,06/03/18,04:10 PM,04:10 PM,FALSE,TRUE,06/03/18,12:10 PM,12:10 PM,FREE,BUSY
06/05/18,07:07 PM,07:07 PM,Yankees at Blue Jays,Rogers Centre - Toronto,"",06/05/18,06/05/18,10:07 PM,10:07 PM,FALSE,TRUE,06/05/18,06:07 PM,06:07 PM,FREE,BUSY
06/06/18,07:07 PM,07:07 PM,Yankees at Blue Jays,Rogers Centre - Toronto,"",06/06/18,06/06/18,10:07 PM,10:07 PM,FALSE,TRUE,06/06/18,06:07 PM,06:07 PM,FREE,BUSY
06/07/18,07:07 PM,07:07 PM,Orioles at Blue Jays,Rogers Centre - Toronto,"",06/07/18,06/07/18,10:07 PM,10:07 PM,FALSE,TRUE,06/07/18,06:07 PM,06:07 PM,FREE,BUSY
06/08/18,07:07 PM,07:07 PM,Orioles at Blue Jays,Rogers Centre - Toronto,"",06/08/18,06/08/18,10:07 PM,10:07 PM,FALSE,TRUE,06/08/18,06:07 PM,06:07 PM,FREE,BUSY
06/09/18,01:07 PM,01:07 PM,Orioles at Blue Jays,Rogers Centre - Toronto,"",06/09/18,06/09/18,04:07 PM,04:07 PM,FALSE,TRUE,06/09/18,12:07 PM,12:07 PM,FREE,BUSY
06/10/18,01:07 PM,01:07 PM,Orioles at Blue Jays,Rogers Centre - Toronto,"",06/10/18,06/10/18,04:07 PM,04:07 PM,FALSE,TRUE,06/10/18,12:07 PM,12:07 PM,FREE,BUSY
06/11/18,07:10 PM,07:10 PM,Blue Jays at Rays,Tropicana Field - St. Petersburg,"",06/11/18,06/11/18,10:10 PM,10:10 PM,FALSE,TRUE,06/11/18,06:10 PM,06:10 PM,FREE,BUSY
06/12/18,07:10 PM,07:10 PM,Blue Jays at Rays,Tropicana Field - St. Petersburg,"",06/12/18,06/12/18,10:10 PM,10:10 PM,FALSE,TRUE,06/12/18,06:10 PM,06:10 PM,FREE,BUSY
06/13/18,01:10 PM,01:10 PM,Blue Jays at Rays,Tropicana Field - St. Petersburg,"",06/13/18,06/13/18,04:10 PM,04:10 PM,FALSE,TRUE,06/13/18,12:10 PM,12:10 PM,FREE,BUSY
06/15/18,07:07 PM,07:07 PM,Nationals at Blue Jays,Rogers Centre - Toronto,"",06/15/18,06/15/18,10:07 PM,10:07 PM,FALSE,TRUE,06/15/18,06:07 PM,06:07 PM,FREE,BUSY
06/16/18,04:07 PM,04:07 PM,Nationals at Blue Jays,Rogers Centre - Toronto,"",06/16/18,06/16/18,07:07 PM,07:07 PM,FALSE,TRUE,06/16/18,03:07 PM,03:07 PM,FREE,BUSY
06/17/18,01:07 PM,01:07 PM,Nationals at Blue Jays,Rogers Centre - Toronto,"",06/17/18,06/17/18,04:07 PM,04:07 PM,FALSE,TRUE,06/17/18,12:07 PM,12:07 PM,FREE,BUSY
06/19/18,07:07 PM,07:07 PM,Braves at Blue Jays,Rogers Centre - Toronto,"",06/19/18,06/19/18,10:07 PM,10:07 PM,FALSE,TRUE,06/19/18,06:07 PM,06:07 PM,FREE,BUSY
06/20/18,12:37 PM,12:37 PM,Braves at Blue Jays,Rogers Centre - Toronto,"",06/20/18,06/20/18,03:37 PM,03:37 PM,FALSE,TRUE,06/20/18,11:37 AM,11:37 AM,FREE,BUSY
06/21/18,10:07 PM,10:07 PM,Blue Jays at Angels,Angel Stadium of Anaheim - Anaheim,"",06/22/18,06/22/18,01:07 AM,01:07 AM,FALSE,TRUE,06/21/18,09:07 PM,09:07 PM,FREE,BUSY
06/22/18,10:07 PM,10:07 PM,Blue Jays at Angels,Angel Stadium of Anaheim - Anaheim,"",06/23/18,06/23/18,01:07 AM,01:07 AM,FALSE,TRUE,06/22/18,09:07 PM,09:07 PM,FREE,BUSY
06/23/18,09:07 PM,09:07 PM,Blue Jays at Angels,Angel Stadium of Anaheim - Anaheim,"",06/24/18,06/24/18,12:07 AM,12:07 AM,FALSE,TRUE,06/23/18,08:07 PM,08:07 PM,FREE,BUSY
06/24/18,04:07 PM,04:07 PM,Blue Jays at Angels,Angel Stadium of Anaheim - Anaheim,"",06/24/18,06/24/18,07:07 PM,07:07 PM,FALSE,TRUE,06/24/18,03:07 PM,03:07 PM,FREE,BUSY
06/25/18,08:10 PM,08:10 PM,Blue Jays at Astros,Minute Maid Park - Houston,"",06/25/18,06/25/18,11:10 PM,11:10 PM,FALSE,TRUE,06/25/18,07:10 PM,07:10 PM,FREE,BUSY
06/26/18,08:10 PM,08:10 PM,Blue Jays at Astros,Minute Maid Park - Houston,"",06/26/18,06/26/18,11:10 PM,11:10 PM,FALSE,TRUE,06/26/18,07:10 PM,07:10 PM,FREE,BUSY
06/27/18,02:10 PM,02:10 PM,Blue Jays at Astros,Minute Maid Park - Houston,"",06/27/18,06/27/18,05:10 PM,05:10 PM,FALSE,TRUE,06/27/18,01:10 PM,01:10 PM,FREE,BUSY
06/29/18,07:07 PM,07:07 PM,Tigers at Blue Jays,Rogers Centre - Toronto,"",06/29/18,06/29/18,10:07 PM,10:07 PM,FALSE,TRUE,06/29/18,06:07 PM,06:07 PM,FREE,BUSY
06/30/18,01:07 PM,01:07 PM,Tigers at Blue Jays,Rogers Centre - Toronto,"",06/30/18,06/30/18,04:07 PM,04:07 PM,FALSE,TRUE,06/30/18,12:07 PM,12:07 PM,FREE,BUSY
07/01/18,01:07 PM,01:07 PM,Tigers at Blue Jays,Rogers Centre - Toronto,"",07/01/18,07/01/18,04:07 PM,04:07 PM,FALSE,TRUE,07/01/18,12:07 PM,12:07 PM,FREE,BUSY
07/02/18,01:07 PM,01:07 PM,Tigers at Blue Jays,Rogers Centre - Toronto,"",07/02/18,07/02/18,04:07 PM,04:07 PM,FALSE,TRUE,07/02/18,12:07 PM,12:07 PM,FREE,BUSY
07/03/18,07:07 PM,07:07 PM,Mets at Blue Jays,Rogers Centre - Toronto,"",07/03/18,07/03/18,10:07 PM,10:07 PM,FALSE,TRUE,07/03/18,06:07 PM,06:07 PM,FREE,BUSY
07/04/18,07:07 PM,07:07 PM,Mets at Blue Jays,Rogers Centre - Toronto,"",07/04/18,07/04/18,10:07 PM,10:07 PM,FALSE,TRUE,07/04/18,06:07 PM,06:07 PM,FREE,BUSY
07/06/18,07:07 PM,07:07 PM,Yankees at Blue Jays,Rogers Centre - Toronto,"",07/06/18,07/06/18,10:07 PM,10:07 PM,FALSE,TRUE,07/06/18,06:07 PM,06:07 PM,FREE,BUSY
07/07/18,04:07 PM,04:07 PM,Yankees at Blue Jays,Rogers Centre - Toronto,"",07/07/18,07/07/18,07:07 PM,07:07 PM,FALSE,TRUE,07/07/18,03:07 PM,03:07 PM,FREE,BUSY
07/08/18,01:07 PM,01:07 PM,Yankees at Blue Jays,Rogers Centre - Toronto,"",07/08/18,07/08/18,04:07 PM,04:07 PM,FALSE,TRUE,07/08/18,12:07 PM,12:07 PM,FREE,BUSY
07/10/18,07:35 PM,07:35 PM,Blue Jays at Braves,SunTrust Park - Atlanta,"",07/10/18,07/10/18,10:35 PM,10:35 PM,FALSE,TRUE,07/10/18,06:35 PM,06:35 PM,FREE,BUSY
07/11/18,07:35 PM,07:35 PM,Blue Jays at Braves,SunTrust Park - Atlanta,"",07/11/18,07/11/18,10:35 PM,10:35 PM,FALSE,TRUE,07/11/18,06:35 PM,06:35 PM,FREE,BUSY
07/12/18,07:10 PM,07:10 PM,Blue Jays at Red Sox,Fenway Park - Boston,"",07/12/18,07/12/18,10:10 PM,10:10 PM,FALSE,TRUE,07/12/18,06:10 PM,06:10 PM,FREE,BUSY
07/13/18,07:10 PM,07:10 PM,Blue Jays at Red Sox,Fenway Park - Boston,"",07/13/18,07/13/18,10:10 PM,10:10 PM,FALSE,TRUE,07/13/18,06:10 PM,06:10 PM,FREE,BUSY
07/14/18,01:05 PM,01:05 PM,Blue Jays at Red Sox,Fenway Park - Boston,"",07/14/18,07/14/18,04:05 PM,04:05 PM,FALSE,TRUE,07/14/18,12:05 PM,12:05 PM,FREE,BUSY
07/15/18,01:05 PM,01:05 PM,Blue Jays at Red Sox,Fenway Park - Boston,"",07/15/18,07/15/18,04:05 PM,04:05 PM,FALSE,TRUE,07/15/18,12:05 PM,12:05 PM,FREE,BUSY
07/17/18,,,NL All-Stars at AL All-Stars - Time TBD,Nationals Park - Washington,"",07/17/18,07/17/18,,,FALSE,TRUE,07/17/18,,,FREE,BUSY
07/20/18,07:07 PM,07:07 PM,Orioles at Blue Jays,Rogers Centre - Toronto,"",07/20/18,07/20/18,10:07 PM,10:07 PM,FALSE,TRUE,07/20/18,06:07 PM,06:07 PM,FREE,BUSY
07/21/18,01:07 PM,01:07 PM,Orioles at Blue Jays,Rogers Centre - Toronto,"",07/21/18,07/21/18,04:07 PM,04:07 PM,FALSE,TRUE,07/21/18,12:07 PM,12:07 PM,FREE,BUSY
07/22/18,01:07 PM,01:07 PM,Orioles at Blue Jays,Rogers Centre - Toronto,"",07/22/18,07/22/18,04:07 PM,04:07 PM,FALSE,TRUE,07/22/18,12:07 PM,12:07 PM,FREE,BUSY
07/23/18,07:07 PM,07:07 PM,Twins at Blue Jays,Rogers Centre - Toronto,"",07/23/18,07/23/18,10:07 PM,10:07 PM,FALSE,TRUE,07/23/18,06:07 PM,06:07 PM,FREE,BUSY
07/24/18,07:07 PM,07:07 PM,Twins at Blue Jays,Rogers Centre - Toronto,"",07/24/18,07/24/18,10:07 PM,10:07 PM,FALSE,TRUE,07/24/18,06:07 PM,06:07 PM,FREE,BUSY
07/25/18,04:07 PM,04:07 PM,Twins at Blue Jays,Rogers Centre - Toronto,"",07/25/18,07/25/18,07:07 PM,07:07 PM,FALSE,TRUE,07/25/18,03:07 PM,03:07 PM,FREE,BUSY
07/27/18,08:10 PM,08:10 PM,Blue Jays at White Sox,Guaranteed Rate Field - Chicago,"",07/27/18,07/27/18,11:10 PM,11:10 PM,FALSE,TRUE,07/27/18,07:10 PM,07:10 PM,FREE,BUSY
07/28/18,07:10 PM,07:10 PM,Blue Jays at White Sox,Guaranteed Rate Field - Chicago,"",07/28/18,07/28/18,10:10 PM,10:10 PM,FALSE,TRUE,07/28/18,06:10 PM,06:10 PM,FREE,BUSY
07/29/18,02:10 PM,02:10 PM,Blue Jays at White Sox,Guaranteed Rate Field - Chicago,"",07/29/18,07/29/18,05:10 PM,05:10 PM,FALSE,TRUE,07/29/18,01:10 PM,01:10 PM,FREE,BUSY
07/30/18,10:05 PM,10:05 PM,Blue Jays at Athletics,Oakland Coliseum - Oakland,"",07/31/18,07/31/18,01:05 AM,01:05 AM,FALSE,TRUE,07/30/18,09:05 PM,09:05 PM,FREE,BUSY
07/31/18,10:05 PM,10:05 PM,Blue Jays at Athletics,Oakland Coliseum - Oakland,"",08/01/18,08/01/18,01:05 AM,01:05 AM,FALSE,TRUE,07/31/18,09:05 PM,09:05 PM,FREE,BUSY
08/01/18,03:35 PM,03:35 PM,Blue Jays at Athletics,Oakland Coliseum - Oakland,"Local TV: MLBN",08/01/18,08/01/18,06:35 PM,06:35 PM,FALSE,TRUE,08/01/18,02:35 PM,02:35 PM,FREE,BUSY
08/02/18,10:10 PM,10:10 PM,Blue Jays at Mariners,Safeco Field - Seattle,"",08/03/18,08/03/18,01:10 AM,01:10 AM,FALSE,TRUE,08/02/18,09:10 PM,09:10 PM,FREE,BUSY
08/03/18,10:10 PM,10:10 PM,Blue Jays at Mariners,Safeco Field - Seattle,"",08/04/18,08/04/18,01:10 AM,01:10 AM,FALSE,TRUE,08/03/18,09:10 PM,09:10 PM,FREE,BUSY
08/04/18,10:10 PM,10:10 PM,Blue Jays at Mariners,Safeco Field - Seattle,"",08/05/18,08/05/18,01:10 AM,01:10 AM,FALSE,TRUE,08/04/18,09:10 PM,09:10 PM,FREE,BUSY
08/05/18,04:10 PM,04:10 PM,Blue Jays at Mariners,Safeco Field - Seattle,"",08/05/18,08/05/18,07:10 PM,07:10 PM,FALSE,TRUE,08/05/18,03:10 PM,03:10 PM,FREE,BUSY
08/07/18,07:07 PM,07:07 PM,Red Sox at Blue Jays,Rogers Centre - Toronto,"",08/07/18,08/07/18,10:07 PM,10:07 PM,FALSE,TRUE,08/07/18,06:07 PM,06:07 PM,FREE,BUSY
08/08/18,07:07 PM,07:07 PM,Red Sox at Blue Jays,Rogers Centre - Toronto,"",08/08/18,08/08/18,10:07 PM,10:07 PM,FALSE,TRUE,08/08/18,06:07 PM,06:07 PM,FREE,BUSY
08/09/18,07:07 PM,07:07 PM,Red Sox at Blue Jays,Rogers Centre - Toronto,"",08/09/18,08/09/18,10:07 PM,10:07 PM,FALSE,TRUE,08/09/18,06:07 PM,06:07 PM,FREE,BUSY
08/10/18,07:07 PM,07:07 PM,Rays at Blue Jays,Rogers Centre - Toronto,"",08/10/18,08/10/18,10:07 PM,10:07 PM,FALSE,TRUE,08/10/18,06:07 PM,06:07 PM,FREE,BUSY
08/11/18,04:07 PM,04:07 PM,Rays at Blue Jays,Rogers Centre - Toronto,"",08/11/18,08/11/18,07:07 PM,07:07 PM,FALSE,TRUE,08/11/18,03:07 PM,03:07 PM,FREE,BUSY
08/12/18,01:07 PM,01:07 PM,Rays at Blue Jays,Rogers Centre - Toronto,"",08/12/18,08/12/18,04:07 PM,04:07 PM,FALSE,TRUE,08/12/18,12:07 PM,12:07 PM,FREE,BUSY
08/13/18,08:15 PM,08:15 PM,Blue Jays at Royals,Kauffman Stadium - Kansas City,"",08/13/18,08/13/18,11:15 PM,11:15 PM,FALSE,TRUE,08/13/18,07:15 PM,07:15 PM,FREE,BUSY
08/14/18,08:15 PM,08:15 PM,Blue Jays at Royals,Kauffman Stadium - Kansas City,"",08/14/18,08/14/18,11:15 PM,11:15 PM,FALSE,TRUE,08/14/18,07:15 PM,07:15 PM,FREE,BUSY
08/15/18,08:15 PM,08:15 PM,Blue Jays at Royals,Kauffman Stadium - Kansas City,"",08/15/18,08/15/18,11:15 PM,11:15 PM,FALSE,TRUE,08/15/18,07:15 PM,07:15 PM,FREE,BUSY
08/16/18,08:15 PM,08:15 PM,Blue Jays at Royals,Kauffman Stadium - Kansas City,"",08/16/18,08/16/18,11:15 PM,11:15 PM,FALSE,TRUE,08/16/18,07:15 PM,07:15 PM,FREE,BUSY
08/17/18,07:05 PM,07:05 PM,Blue Jays at Yankees,Yankee Stadium - Bronx,"",08/17/18,08/17/18,10:05 PM,10:05 PM,FALSE,TRUE,08/17/18,06:05 PM,06:05 PM,FREE,BUSY
08/18/18,01:05 PM,01:05 PM,Blue Jays at Yankees,Yankee Stadium - Bronx,"",08/18/18,08/18/18,04:05 PM,04:05 PM,FALSE,TRUE,08/18/18,12:05 PM,12:05 PM,FREE,BUSY
08/19/18,01:05 PM,01:05 PM,Blue Jays at Yankees,Yankee Stadium - Bronx,"",08/19/18,08/19/18,04:05 PM,04:05 PM,FALSE,TRUE,08/19/18,12:05 PM,12:05 PM,FREE,BUSY
08/20/18,07:07 PM,07:07 PM,Orioles at Blue Jays,Rogers Centre - Toronto,"",08/20/18,08/20/18,10:07 PM,10:07 PM,FALSE,TRUE,08/20/18,06:07 PM,06:07 PM,FREE,BUSY
08/21/18,07:07 PM,07:07 PM,Orioles at Blue Jays,Rogers Centre - Toronto,"",08/21/18,08/21/18,10:07 PM,10:07 PM,FALSE,TRUE,08/21/18,06:07 PM,06:07 PM,FREE,BUSY
08/22/18,12:37 PM,12:37 PM,Orioles at Blue Jays,Rogers Centre - Toronto,"",08/22/18,08/22/18,03:37 PM,03:37 PM,FALSE,TRUE,08/22/18,11:37 AM,11:37 AM,FREE,BUSY
08/24/18,07:07 PM,07:07 PM,Phillies at Blue Jays,Rogers Centre - Toronto,"",08/24/18,08/24/18,10:07 PM,10:07 PM,FALSE,TRUE,08/24/18,06:07 PM,06:07 PM,FREE,BUSY
08/25/18,04:07 PM,04:07 PM,Phillies at Blue Jays,Rogers Centre - Toronto,"",08/25/18,08/25/18,07:07 PM,07:07 PM,FALSE,TRUE,08/25/18,03:07 PM,03:07 PM,FREE,BUSY
08/26/18,01:07 PM,01:07 PM,Phillies at Blue Jays,Rogers Centre - Toronto,"",08/26/18,08/26/18,04:07 PM,04:07 PM,FALSE,TRUE,08/26/18,12:07 PM,12:07 PM,FREE,BUSY
08/27/18,07:05 PM,07:05 PM,Blue Jays at Orioles,Oriole Park at Camden Yards - Baltimore,"",08/27/18,08/27/18,10:05 PM,10:05 PM,FALSE,TRUE,08/27/18,06:05 PM,06:05 PM,FREE,BUSY
08/28/18,07:05 PM,07:05 PM,Blue Jays at Orioles,Oriole Park at Camden Yards - Baltimore,"",08/28/18,08/28/18,10:05 PM,10:05 PM,FALSE,TRUE,08/28/18,06:05 PM,06:05 PM,FREE,BUSY
08/29/18,07:05 PM,07:05 PM,Blue Jays at Orioles,Oriole Park at Camden Yards - Baltimore,"",08/29/18,08/29/18,10:05 PM,10:05 PM,FALSE,TRUE,08/29/18,06:05 PM,06:05 PM,FREE,BUSY
08/31/18,07:10 PM,07:10 PM,Blue Jays at Marlins,Marlins Park - Miami,"",08/31/18,08/31/18,10:10 PM,10:10 PM,FALSE,TRUE,08/31/18,06:10 PM,06:10 PM,FREE,BUSY
09/01/18,07:10 PM,07:10 PM,Blue Jays at Marlins,Marlins Park - Miami,"",09/01/18,09/01/18,10:10 PM,10:10 PM,FALSE,TRUE,09/01/18,06:10 PM,06:10 PM,FREE,BUSY
09/02/18,01:10 PM,01:10 PM,Blue Jays at Marlins,Marlins Park - Miami,"",09/02/18,09/02/18,04:10 PM,04:10 PM,FALSE,TRUE,09/02/18,12:10 PM,12:10 PM,FREE,BUSY
09/03/18,07:07 PM,07:07 PM,Rays at Blue Jays,Rogers Centre - Toronto,"",09/03/18,09/03/18,10:07 PM,10:07 PM,FALSE,TRUE,09/03/18,06:07 PM,06:07 PM,FREE,BUSY
09/04/18,07:07 PM,07:07 PM,Rays at Blue Jays,Rogers Centre - Toronto,"",09/04/18,09/04/18,10:07 PM,10:07 PM,FALSE,TRUE,09/04/18,06:07 PM,06:07 PM,FREE,BUSY
09/05/18,07:07 PM,07:07 PM,Rays at Blue Jays,Rogers Centre - Toronto,"",09/05/18,09/05/18,10:07 PM,10:07 PM,FALSE,TRUE,09/05/18,06:07 PM,06:07 PM,FREE,BUSY
09/06/18,07:07 PM,07:07 PM,Indians at Blue Jays,Rogers Centre - Toronto,"",09/06/18,09/06/18,10:07 PM,10:07 PM,FALSE,TRUE,09/06/18,06:07 PM,06:07 PM,FREE,BUSY
09/07/18,07:07 PM,07:07 PM,Indians at Blue Jays,Rogers Centre - Toronto,"",09/07/18,09/07/18,10:07 PM,10:07 PM,FALSE,TRUE,09/07/18,06:07 PM,06:07 PM,FREE,BUSY
09/08/18,04:07 PM,04:07 PM,Indians at Blue Jays,Rogers Centre - Toronto,"",09/08/18,09/08/18,07:07 PM,07:07 PM,FALSE,TRUE,09/08/18,03:07 PM,03:07 PM,FREE,BUSY
09/09/18,01:07 PM,01:07 PM,Indians at Blue Jays,Rogers Centre - Toronto,"",09/09/18,09/09/18,04:07 PM,04:07 PM,FALSE,TRUE,09/09/18,12:07 PM,12:07 PM,FREE,BUSY
09/11/18,07:10 PM,07:10 PM,Blue Jays at Red Sox,Fenway Park - Boston,"",09/11/18,09/11/18,10:10 PM,10:10 PM,FALSE,TRUE,09/11/18,06:10 PM,06:10 PM,FREE,BUSY
09/12/18,07:10 PM,07:10 PM,Blue Jays at Red Sox,Fenway Park - Boston,"",09/12/18,09/12/18,10:10 PM,10:10 PM,FALSE,TRUE,09/12/18,06:10 PM,06:10 PM,FREE,BUSY
09/13/18,07:10 PM,07:10 PM,Blue Jays at Red Sox,Fenway Park - Boston,"",09/13/18,09/13/18,10:10 PM,10:10 PM,FALSE,TRUE,09/13/18,06:10 PM,06:10 PM,FREE,BUSY
09/14/18,07:05 PM,07:05 PM,Blue Jays at Yankees,Yankee Stadium - Bronx,"",09/14/18,09/14/18,10:05 PM,10:05 PM,FALSE,TRUE,09/14/18,06:05 PM,06:05 PM,FREE,BUSY
09/15/18,04:05 PM,04:05 PM,Blue Jays at Yankees,Yankee Stadium - Bronx,"",09/15/18,09/15/18,07:05 PM,07:05 PM,FALSE,TRUE,09/15/18,03:05 PM,03:05 PM,FREE,BUSY
09/16/18,01:05 PM,01:05 PM,Blue Jays at Yankees,Yankee Stadium - Bronx,"",09/16/18,09/16/18,04:05 PM,04:05 PM,FALSE,TRUE,09/16/18,12:05 PM,12:05 PM,FREE,BUSY
09/17/18,07:05 PM,07:05 PM,Blue Jays at Orioles,Oriole Park at Camden Yards - Baltimore,"",09/17/18,09/17/18,10:05 PM,10:05 PM,FALSE,TRUE,09/17/18,06:05 PM,06:05 PM,FREE,BUSY
09/18/18,07:05 PM,07:05 PM,Blue Jays at Orioles,Oriole Park at Camden Yards - Baltimore,"",09/18/18,09/18/18,10:05 PM,10:05 PM,FALSE,TRUE,09/18/18,06:05 PM,06:05 PM,FREE,BUSY
09/19/18,07:05 PM,07:05 PM,Blue Jays at Orioles,Oriole Park at Camden Yards - Baltimore,"",09/19/18,09/19/18,10:05 PM,10:05 PM,FALSE,TRUE,09/19/18,06:05 PM,06:05 PM,FREE,BUSY
09/20/18,07:07 PM,07:07 PM,Rays at Blue Jays,Rogers Centre - Toronto,"",09/20/18,09/20/18,10:07 PM,10:07 PM,FALSE,TRUE,09/20/18,06:07 PM,06:07 PM,FREE,BUSY
09/21/18,07:07 PM,07:07 PM,Rays at Blue Jays,Rogers Centre - Toronto,"",09/21/18,09/21/18,10:07 PM,10:07 PM,FALSE,TRUE,09/21/18,06:07 PM,06:07 PM,FREE,BUSY
09/22/18,04:07 PM,04:07 PM,Rays at Blue Jays,Rogers Centre - Toronto,"",09/22/18,09/22/18,07:07 PM,07:07 PM,FALSE,TRUE,09/22/18,03:07 PM,03:07 PM,FREE,BUSY
09/23/18,01:07 PM,01:07 PM,Rays at Blue Jays,Rogers Centre - Toronto,"",09/23/18,09/23/18,04:07 PM,04:07 PM,FALSE,TRUE,09/23/18,12:07 PM,12:07 PM,FREE,BUSY
09/24/18,07:07 PM,07:07 PM,Astros at Blue Jays,Rogers Centre - Toronto,"",09/24/18,09/24/18,10:07 PM,10:07 PM,FALSE,TRUE,09/24/18,06:07 PM,06:07 PM,FREE,BUSY
09/25/18,07:07 PM,07:07 PM,Astros at Blue Jays,Rogers Centre - Toronto,"",09/25/18,09/25/18,10:07 PM,10:07 PM,FALSE,TRUE,09/25/18,06:07 PM,06:07 PM,FREE,BUSY
09/26/18,04:07 PM,04:07 PM,Astros at Blue Jays,Rogers Centre - Toronto,"",09/26/18,09/26/18,07:07 PM,07:07 PM,FALSE,TRUE,09/26/18,03:07 PM,03:07 PM,FREE,BUSY
09/28/18,07:10 PM,07:10 PM,Blue Jays at Rays,Tropicana Field - St. Petersburg,"",09/28/18,09/28/18,10:10 PM,10:10 PM,FALSE,TRUE,09/28/18,06:10 PM,06:10 PM,FREE,BUSY
09/29/18,06:10 PM,06:10 PM,Blue Jays at Rays,Tropicana Field - St. Petersburg,"",09/29/18,09/29/18,09:10 PM,09:10 PM,FALSE,TRUE,09/29/18,05:10 PM,05:10 PM,FREE,BUSY
09/30/18,03:10 PM,03:10 PM,Blue Jays at Rays,Tropicana Field - St. Petersburg,"",09/30/18,09/30/18,06:10 PM,06:10 PM,FALSE,TRUE,09/30/18,02:10 PM,02:10 PM,FREE,BUSY
